tag,average_score
101dalmatians,0.19958104858104858
12angrymen,0.20287962962962963
187,0.15281774512037669
1900,0.050244883040935676
20000leaguesunderthesea,0.23377102794865953
2001aspaceodyssey,0.1740295284780579
2daysinthevalley,0.11938095238095238
3ninjashighnoonatmegamountain,0.2307142857142857
812,0.12576500659833995
8headsinaduffelbag,0.2210870610870611
8seconds,0.2207586064728922
abovetherim,0.07060094997594997
absolutepower,0.14553153382565148
aceventurapetdetective,0.029629629629629627
aceventurawhennaturecalls,0.04252380952380951
addamsfamilyvalues,0.028947368421052635
addictedtolove,0.2680794287411934
afterglow,0.22886493136493138
airbud,0.07517951625094482
airforceone,0.15775405570860118
airheads,0.25701875901875904
akira,0.19676877441255922
aladdin,0.17820654019183432
aladdinandthekingofthieves,0.2927624458874459
alaska,0.19696067373486728
albinoalligator,0.1923611111111111
aliceinwonderland,0.13032291666666668
alien,0.020756436545910233
alien3,0.09905938477032228
alienresurrection,0.03301600662711773
aliens,0.16262400793650794
allabouteve,0.22814236111111114
alldogsgotoheaven2,0.11885547785547786
alloverme,0.09745315711224802
alphaville,0.1860440843003868
amadeus,0.25654215904215905
amateur,-0.33800061050061053
americanbuffalo,0.08878787878787879
americandream,0.16388549359137597
amistad,0.08662280701754385
amityville1992itsabouttime,-0.2525
amityville3d,0.15499346535530745
amityvilleanewgeneration,0.0
amityvilledollhouse,-0.009595959595959592
amityvilleiithepossession,0.008260258260258257
anaconda,0.1250874175427747
anastasia,0.18931083281797567
andre,0.18175964187327823
angela,0.12830500955500956
angelandthebadman,0.23103254769921439
angelbaby,0.2197120535714286
angelonmyshoulder,0.22020202020202018
angelsandinsects,0.0825
angelsintheoutfield,0.20695906432748537
angus,0.18974702380952382
anna,0.18296957671957673
annakarenina,0.21715367965367965
annefrankremembered,0.19999999999999998
anniehall,0.28300144300144303
anotherstakeout,0.24056199056199054
antoniasline,0.08319805194805195
aparajito,0.2718055555555555
apocalypsenow,0.24998105248105246
apollo13,0.2935699538824539
aprilfoolsday,0.13224914965986395
aptpupil,0.13503306878306875
armyofdarkness,0.015580759330759326
aroundtheworldin80days,0.10247631072631072
arsenicandoldlace,0.16051103136629452
asgoodasitgets,0.09323369977975242
assassins,0.08640648835291694
audreyrose,0.21011261261261263
august,0.13598856209150328
austinpowersinternationalmanofmystery,-0.01359649122807018
babe,-0.3225
babyfever,0.1812202380952381
backbeat,0.21403402410346853
backtothefuture,0.1663857886904762
badboys,0.11178228715728718
badcompany,0.1203792625503152
badgirls,0.17547077922077922
badmoon,0.15527102102102103
badtaste,0.005313109161793393
balto,0.14851201086495203
bananas,0.09943447634237108
baps,0.29343434343434344
barbarella,0.09796593757120071
barbwire,0.17250562208354417
barcelona,0.17863735140520856
basicinstinct,0.07955931495405179
basquiat,0.17270834879406308
bastardoutofcarolina,0.11214285714285714
batman,0.21110309562232638
batmanforever,0.11347718253968256
batmanreturns,0.12112353123067407
batmanrobin,0.02169726824899239
batonrouge,0.10305555555555555
bean,0.08465247178416821
beatthedevil,0.19416666666666665
beautifulgirls,0.24662726649568756
beautifulthing,0.35297479810637705
beautyandthebeast,0.2012521043771044
beavisandbuttheaddoamerica,0.18824074074074076
bedknobsandbroomsticks,0.2392164892164892
bedofroses,0.0451245063416116
beforeandafter,0.09757575757575757
beforesunrise,0.30649431818181816
beinghuman,0.19180245535714285
beingthere,0.32346870490620494
belledejour,0.18952000702000701
benhur,0.15566504816504817
bennyjoon,0.08379574970484063
bent,0.12151031144781146
bestmen,0.07028735632183908
bestofthebest3noturningback,0.5599999999999999
betteroffdead,0.34187459781209784
beverlyhillscopiii,0.1206723484848485
beverlyhillsninja,0.16627640036730945
beyondbedlam,0.2
beyondrangoon,0.17080026455026454
bhajionthebeach,0.2343432252127904
bigbully,0.18669929694365783
bignight,0.25433797003649944
billymadison,0.09017328042328042
biodome,0.20390168577668577
birdofprey,0.14940731292517007
bittermoon,0.0694375
blackbeauty,0.19211652544985877
blacksheep,0.09984015575927341
bladerunner,0.20482904441237773
blink,0.24878030303030302
bliss,0.15736751495742726
bloodbeach,0.11256510416666667
bloodsport2,-0.004545454545454547
bloodwine,0.0
blownaway,0.22474917239623124
bluechips,0.2038909363909364
blueintheface,0.15258838383838383
bluesbrothers2000,0.08359375000000001
bluesky,0.11060095810095809
bmonkey,0.3680555555555556
bobroberts,0.1684496753246753
bodyparts,-0.012944612576965516
bodysnatchers,0.21977593394260062
bogus,0.17722709722709723
bonnieandclyde,0.18014942047200114
boogienights,0.15628702701619368
boomerang,0.25876238029647125
bootycall,0.10916452166452166
bottlerocket,0.21566813973063972
bound,0.2418525012025012
boxinghelena,0.07037201014473743
boys,0.14072639661925376
boyslife,0.15
boysontheside,0.1587719298245614
braindead,0.0722155583613917
bramstokersdracula,0.0609247002997003
brassedoff,0.21303720238095236
braveheart,0.08810912698412698
brazil,0.06228656640294572
breakdown,0.256588663243075
breakfastattiffanys,0.15722727272727272
breakingthewaves,0.12099058349058349
brideoffrankenstein,0.13266275391275392
bringingupbaby,0.1225391156462585
brokenarrow,0.2154417552144825
brokenenglish,0.2553373015873016
buddy,0.11810726310726309
bulletproof,0.21324860446570973
bulletsoverbroadway,0.22491091470258137
burntbythesun,0.2976821789321789
burntofferings,0.10498845598845599
bushwhacked,0.27706816059757233
butchcassidyandthesundancekid,0.15154679232804233
butterflykiss,0.2475
byebyelove,0.3014093137254902
cabinboy,0.008686507936507937
calendargirl,0.1013157894736842
canadianbacon,0.10176767676767677
candyman,0.10115873015873016
candymanfarewelltotheflesh,0.1194781144781145
capefear,0.0865554198887532
captives,0.13065593826463393
careergirls,0.35113636363636364
careful,-0.03136894383174144
carlitosway,0.33437310606060605
carpool,0.13708380681818183
carrie,0.10375688370586329
carriedaway,0.09093539562289561
carrington,0.14932870370370369
casablanca,0.2067550505050505
casino,0.2658439153439153
casper,0.1197427035330261
castlefreak,0.11567520442520443
catonahottinroof,0.18786805555555558
catpeople,0.2545377886002886
catsdontdance,0.28172515976087403
catwalk,0.19477052268718933
caught,-0.020312500000000008
celticpride,0.12819560738968633
century,0.1712719298245614
chainreaction,0.05188636363636364
chairmanoftheboard,0.08117897727272728
charade,0.3094907407407408
chasers,0.23744363275613276
chasingamy,0.19864652983700604
childrenoftherevolution,0.37135416666666665
chinatown,0.15606601731601732
chungkingexpress,0.3117039817821068
ciaoprofessore,0.05625
cinderella,0.16139953961382533
cinemaparadiso,0.23893550893550894
circleoffriends,0.15220999679333014
citizenkane,0.19642438844224558
citizenruth,0.1992672077922078
cityhall,0.15883838383838383
cityofangels,-0.000358796296296303
cityofindustry,0.041666666666666664
cleanslate,0.17055580152171063
clearandpresentdanger,0.09698412698412698
clerks,0.2075370670995671
cliffhanger,0.10495734657499363
clockers,0.3271962682379349
clueless,0.1092427654927655
cobb,0.18108792001649143
coldblooded,0.05134539605693453
coldcomfortfarm,0.23184504913076343
colorofnight,0.06763084513084512
commandments,0.10790165165165165
conair,0.22759038800705467
conanthebarbarian,0.15771031746031744
coneheads,0.3055685503266149
congo,0.07408875005465915
conspiracytheory,0.12579685099846388
contact,0.23681037808641975
coolhandluke,0.18715277777777778
coolrunnings,0.3107906268568033
copland,0.2981388888888889
copsandrobbersons,0.13452380952380955
copycat,0.08216750841750842
corrinacorrina,0.2849143647357933
cosi,0.1641977466977467
countrylife,0.1778305675805676
courageunderfire,0.32302005012531326
crash,0.15300266175266175
crimsontide,0.2708035714285714
criticalcare,0.2629381613756614
cronos,0.2336952380952381
crooklyn,0.18356006647673315
crossfire,0.17388062169312168
crumb,0.1014764710598044
crythebelovedcountry,0.17642857142857146
curdled,0.34093406593406594
cutthroatisland,0.036115056818181814
cyclo,0.16909722222222223
cyranodebergerac,0.1728302368927369
d3themightyducks,0.2103935185185185
daens,0.011111111111111112
danceswithwolves,0.15094185022493847
dangerousbeauty,0.15895302228635563
dangerousground,0.1729166666666667
dangerousminds,0.09362682951968665
dantespeak,0.17281597222222222
darkcity,0.1647649383444838
dave,0.13719223484848483
daylight,0.08069604777938111
daysofthunder,0.289890350877193
dazedandconfused,-0.0021078431372549113
deadman,0.1168474809182046
deadmanwalking,0.1545238095238095
deadpoetssociety,0.3755059523809524
deadpresidents,0.17926173499702913
deargod,0.12214602161970582
deathandthemaiden,0.15240358126721762
deathinbrunswick,0.45
deceiver,0.1719987468671679
deconstructingharry,0.2011997767857143
deeprising,0.08930782312925171
delicatessen,0.2132336644836645
deltaofvenus,-0.0625
demolitionman,0.20290901627108524
denisecallsup,0.0
desertwinds,-0.04999999999999999
desperado,0.11015625
desperatemeasures,0.07948547979797979
destinyturnsontheradio,-0.19680735930735932
devilinabluedress,0.15924565200880988
diabolique,0.16945075757575756
dialmformurder,0.28793859649122805
diehard,0.12576184138684138
diehard2,0.12684451993479773
diehardwithavengeance,0.11094454590548339
dingo,0.19583333333333333
dirtydancing,0.21148809523809523
disclosure,0.12723580557764233
diva,0.18996669501133787
doloresclaiborne,0.3110801587301587
donjuandemarco,0.2469455782312925
donniebrasco,0.26586582739156267
dontbeamenacetosouthcentralwhiledrinkingyourjuiceinthehood,0.05347222222222222
doublehappiness,0.16868055555555556
doubleteam,0.06378571428571429
downbylaw,0.2932524651274651
downperiscope,0.15495531083031083
draculadeadandlovingit,0.20096893846893846
dragonheart,0.05754066399286988
dreamman,0.2961226551226551
dreamwiththefishes,0.3194444444444445
dropdeadfred,0.19662039288684027
dropzone,-0.013732220160791586
drstrangeloveorhowilearnedtostopworryingandlovethebomb,0.3020833333333333
drunks,0.19429150132275133
ducksoup,0.1225328798185941
dumbdumber,0.24211341089466087
dumbo,0.15584590493681405
dunstonchecksin,0.19207023239917975
eastofeden,0.1887875457875458
eatdrinkmanwoman,0.230125
ed,0.042265245043022814
eddie,0.1784812034030784
edwood,0.23240482556659028
emma,0.26327441077441077
enchantedapril,0.31657623532623536
eraser,0.24625000000000002
escapefromla,0.1432390873015873
escapefromnewyork,0.1899919104464559
escapetowitchmountain,0.06740487714446047
ettheextraterrestrial,0.22805242272347537
evencowgirlsgettheblues,0.1363411386593205
eventhorizon,0.20926587301587302
everest,0.06692009379509378
everyonesaysiloveyou,0.1732311595214821
everyotherweekend,0.09461279461279459
evesbayou,0.2111518510225407
evildeadii,0.051852824463118584
evita,0.12945892911802
excessbaggage,0.26227548036758563
executivedecision,0.04233730158730158
exittoeden,0.15423979173979174
exotica,-0.020012400793650784
extrememeasures,0.2208479225023343
eyeforaneye,0.012477718360071301
faceoff,0.10669961166284696
faces,0.14491158451684766
fairgame,0.09473656381744616
fairytaleatruestory,0.14886363636363636
faithful,0.134869879349046
fall,0.02532567049808429
fallen,0.06526875901875902
fallinginloveagain,0.22580128205128205
fantasia,0.22637796713317548
farewellmyconcubine,0.16116062949396284
farfromhometheadventuresofyellowdog,0.39999999999999997
fargo,0.19622708174178763
fasterpussycatkillkill,0.13410755910755912
fatalinstinct,0.13840265637140636
fatherofthebride,0.12268127705627707
fatherofthebridepartii,0.24496252204585536
fathersday,0.16881473464806798
faust,0.19983163265306123
fausto,0.4
fear,0.14826528455204926
fearless,0.14844038844038845
fearofablackhat,0.12523455893521684
feelingminnesota,0.12609126984126987
femaleperversions,-0.14253472222222224
fieldofdreams,0.24503891941391942
fiercecreatures,-0.018298738298738286
firedownbelow,0.15421043417366948
fireonthemountain,-0.0421470658970659
firestorm,0.16622458602782675
firstkid,0.22291666666666665
firstknight,0.13527553763440864
fled,0.08952435007122508
fleshandbone,0.030366161616161617
flipper,0.0971054292929293
flirt,0.09963235294117648
flirtingwithdisaster,0.2829359243697479
flubber,0.11662136066547832
fluke,0.15239850239850242
flyawayhome,0.07464947089947088
foolsrushin,0.2901600464100464
forbiddenplanet,0.2286954867968693
foreigncorrespondent,0.2761695906432749
foreignstudent,0.31666666666666665
forgetparis,0.24402171516754848
forloveormoney,0.1901924651924652
forrestgump,0.1520920868347339
forricherorpoorer,0.2572459111401419
forthemoment,0.2375644841269841
forwhomthebelltolls,0.16158301158301158
fourrooms,0.1441793990323402
fourweddingsandafuneral,0.24697089947089948
foxfire,0.09241865079365082
frankiestarlight,0.2760416666666667
freeway,0.20534304511278195
freewilly,0.2503095238095238
freewilly2theadventurehome,0.21666666666666665
frenchkiss,0.20823809523809525
fresh,0.06744362299557105
friday,0.1325876504447933
friedgreentomatoes,0.14156484962406016
fromdusktilldawn,0.2544951681315318
fullmetaljacket,0.1737997975638953
fullspeed,0.12729166666666666
funnyface,0.14527317346396296
gabbeh,0.10874999999999999
gandhi,0.08703613516113516
gangrelated,-0.011513157894736841
gaslight,0.12972222222222224
gattaca,0.23836202938475667
georgeofthejungle,0.10867616805116805
georgia,0.2421649196042053
germinal,0.28928571428571426
geronimoanamericanlegend,0.3015909090909091
getonthebus,0.18216503267973858
getshorty,0.29224045474045474
gettingawaywithmurder,0.2065530303030303
gettingevenwithdad,0.2535978835978836
ghost,0.13406507113743954
ghostsofmississippi,0.10913600288600289
giant,0.24284251784251784
gigi,0.21732614087301588
gijane,0.2232519931049343
girl6,0.14067099567099567
girlstown,0.13952380952380952
glengarryglenross,0.203625
glory,0.2561028832829428
gofish,0.14240340434419382
golddiggersthesecretofbearmountain,0.3333333333333333
goldenearrings,0.2888888888888889
goldeneye,0.24517101517101514
gonefishin,0.19187867430922986
gonewiththewind,0.11825837742504411
goodfellas,0.1487037037037037
goodmorning,0.19105711129148628
goodwillhunting,0.2573678221288515
gordy,-0.03117955617955618
graceofmyheart,0.3679960317460318
gratefuldead,0.20592947877038786
grease,0.18135416666666668
grease2,0.14414583333333336
greatexpectations,0.1600977925977926
gridlockd,0.24725000000000003
grossefatigue,0.0
grossepointeblank,0.2950931305536569
groundhogday,0.13341947466947465
grumpieroldmen,0.3312613378684807
guantanamera,0.22666666666666666
guiltyassin,0.14654620741577262
gumbythemovie,0.10974702380952381
hackers,0.19617279617279618
halfbaked,0.17882632446918162
halloweenthecurseofmichaelmyers,-0.017593370681605963
hamlet,0.16178607503607503
hanabi,0.3397388357256778
happygilmore,0.2938046794475366
hardeight,0.14962940212940212
hardrain,0.015447781385281389
hardtarget,0.17021005509641873
harlem,0.12639052866325592
haroldandmaude,0.11083477633477634
harrietthespy,0.22770401382243488
headabovewater,0.2050316909171076
hearmysong,0.2690416666666667
heartsandminds,0.14456714103265828
heat,0.17782014464580254
heathers,0.13309483699779753
heavenlycreatures,0.2655960648148148
heavensprisoners,0.1902777777777778
heavy,0.10943802521008404
heavymetal,0.1819245485154576
heavyweights,0.22573099415204678
heddwyn,0.21750372023809522
hellraiserbloodline,0.17045454545454544
henryv,0.19009170653907495
herbieridesagain,0.22160609857978278
hercules,0.17145667351727958
herecomescookie,0.1
hewalkedbynight,0.17893055555555556
hideaway,0.10113481756338899
higherlearning,0.21157337788916739
highlander,0.15274961069603926
highnoon,0.24672305075876505
highschoolhigh,0.17546401515151516
hisgirlfriday,0.2857976190476191
hollowreed,0.2875
homage,0.18711140857193487
homealone,0.0003535868893011754
homealone3,0.07241666666666666
homefortheholidays,0.13537743506493508
homewardboundtheincrediblejourney,0.2173809523809524
hoodlum,0.2740527065527066
hoopdreams,0.18708232861193388
hotshotspartdeux,0.15115349002849005
housearrest,0.07246823069403714
houseguest,0.2231010393115656
houseparty3,0.1812987012987013
howtobeaplayer,0.21075
howtomakeanamericanquilt,0.22899305555555555
hugopool,0.398828125
hurricanestreets,0.0
hush,0.21515576169861886
iflucyfell,0.16286970899470898
iknowwhatyoudidlastsummer,0.11525389173116446
ilikeitlikethat,0.17446875
illdoanything,0.11045634920634921
illgottengains,0.20000000000000004
ilovetrouble,0.18715914101330766
immortalbeloved,0.3366618404118404
imnotrappaport,-0.07243589743589744
incognito,0.12868987493987494
independencedayid4,-0.016666666666666663
indianajonesandthelastcrusade,0.1977686588103255
indiansummer,0.2800281836219336
infinity,0.16240099323259044
inloveandwar,0.1550420168067227
inout,0.13849446849446848
interviewwiththevampire,0.11614285714285714
inthearmynow,0.26965053863760763
inthebleakmidwinter,0.2534090909090909
inthecompanyofmen,0.09756312315135846
inthelineoffire,0.07008744855967078
inthemouthofmadness,0.11379653679653678
inthenameofthefather,0.14936916154021415
intimaterelations,0.021666666666666657
inventingtheabbotts,0.26739962651727356
iq,0.12305373737373737
ishotandywarhol,0.07575757575757576
itcouldhappentoyou,0.0805904105904106
ithappenedonenight,0.2978867623604466
itsawonderfullife,0.32734078072867756
itsmyparty,0.2620115546218487
ittakestwo,0.2134355835137085
jack,0.1285043714455479
jackandsarah,0.23322723765432096
jackiebrown,0.17558782808782808
jackiechansfirststrike,0.12473507395382395
jade,0.20595012626262627
jamesandthegiantpeach,0.14070341573631046
janeeyre,0.23100721500721502
jasonslyric,0.2078842659398215
jaws,0.21366061407728074
jaws2,0.1478351393976394
jaws3d,0.07540517961570592
jeandeflorette,0.17273148148148146
jeffersoninparis,-0.0833333333333333
jeffrey,0.14710070631123262
jerrymaguire,0.1713328664799253
jimmyhollywood,0.13539944903581266
jinglealltheway,0.18609511008704555
joesapartment,0.21884724799010513
johnnymnemonic,0.0962962962962963
johns,0.17912748171368859
jude,0.2807560020388968
judgedredd,0.13136758658008657
judgmentnight,0.1955615838839523
jumanji,0.13351020121853455
jungle2jungle,0.14913403199117486
junior,0.03094858776844071
jurassicpark,0.10400532581453634
juryduty,0.1652923976608187
justcause,0.023541666666666662
kalifornia,0.22326118326118327
kamasutraataleoflove,0.19444444444444442
kansascity,0.12921736671736672
kasparhauser,0.08727272727272731
kazaam,0.13246371371371374
keystotulsa,0.11651041666666667
kickedinthehead,-0.34375
kickingandscreaming,0.18891207601921886
kids,0.16512978285155705
kidsinthehallbraincandy,0.21845238095238095
kika,0.3121041666666667
killerajournalofmurder,0.0
killingzoe,0.23647119341563785
kim,0.15933355292050944
kingofnewyork,0.05371815250721501
kingofthehill,0.12124885215794307
kingpin,0.11409327651515151
kissed,0.15957550125313283
kissmeguido,0.11292297979797979
kissofdeath,0.132515507518797
kissthegirls,0.06607456140350877
kolya,0.17076016865079366
koyaanisqatsi,0.05024279448621553
kulltheconqueror,0.07696666666666668
kundun,0.20123094193817878
laconfidential,0.17953011363636365
ladybirdladybird,0.23915404040404045
ladyofburlesque,-0.011770833333333328
lamerica,0.01488095238095238
largerthanlife,0.24612802128427125
lassie,0.2119626322751323
lastactionhero,0.15126041666666667
lastdance,0.3149065055315055
lastmanstanding,0.2926122835497835
latebloomers,0.15045116986188414
laura,0.23488636363636364
lawrenceofarabia,0.13483894522584997
leaveittobeaver,0.13367688792688792
leavinglasvegas,0.13762188989461718
legendsofthefall,0.13406100093600093
liarliar,0.1043515037593985
lifewithmikey,0.15791666666666665
lightningjack,0.08645833333333337
littlebigleague,0.20100211296639867
littlebuddha,0.19442327123750736
littlecity,0.12301587301587302
littlelordfauntleroy,0.1901315789473684
littleodessa,0.3333333333333333
littlewomen,0.1727209595959596
livenudegirls,0.35104166666666664
livinginoblivion,0.301130545082158
loaded,0.11586814086814087
localhero,0.27475490196078434
lochness,0.16661326098826099
lonestar,0.23289160401002504
lookingforrichard,0.3763888888888889
lordofillusions,0.1674389036889037
losingchase,0.08333333333333333
losingisaiah,0.21495539183039183
losthighway,0.17401164151164153
losthorizon,0.15595962301587302
lostinspace,0.04548611111111111
lottoland,0.0
loveaffair,0.1614957165850023
loveanda45,-0.024999999999999994
loveanddeathonlongisland,0.6166666666666667
loveandothercatastrophes,0.4777777777777778
loveintheafternoon,0.1100190216057563
loveisallthereis,0.12222222222222223
lovejones,0.19960714285714287
lovevalourcompassion,0.4296190476190477
m,0.20650208986415883
madamebutterfly,0.17836700336700337
madcity,0.2550572530148423
madeinamerica,0.098963133640553
madlove,0.1573973602545031
madonnatruthordare,0.10416666666666667
majorpayne,0.24406250000000002
malice,0.13819133798300465
mallrats,0.21080529685368393
mammaroma,0.18941689623507807
manhattan,0.1265057060621577
manhattanmurdermystery,0.3284968734968735
manofthehouse,0.1361135477582846
manoftheyear,0.1930035650623886
markedfordeath,0.10114711934156378
marsattacks,0.1254349694423224
marvinsroom,0.1363100113100113
marypoppins,0.09863471449185734
maryreilly,0.026515151515151533
maryshelleysfrankenstein,0.07137681159420291
mash,0.19815476190476192
matilda,0.20390746753246752
maverick,0.24515747369914034
maximumrisk,0.16658155212842712
mbutterfly,0.066421568627451
mchalesnavy,0.15093603445165946
mediterraneo,0.13211640211640213
meetjohndoe,0.12613799661876585
meetmeinstlouis,0.23219310705741628
meetwallysparks,0.325
menaceiisociety,0.12109224484224483
meninblack,0.09986151840990551
menwithguns,0.08928571428571429
mercuryrising,0.011072530864197532
metro,0.12536079263618327
miamirhapsody,0.18822751322751324
michael,0.11372876492194674
michaelcollins,0.06474025974025974
midnightinthegardenofgoodandevil,0.3131140350877193
mightyaphrodite,0.16038898601398602
mightymorphinpowerrangersthemovie,0.2691380991380991
milkmoney,0.04944577352472089
millerscrossing,0.23772967772967774
mimic,0.11820683392111965
miracleon34thstreet,0.16547243265993267
mirage,0.14137784090909092
missionimpossible,0.2303524531024531
mixednuts,0.21443204365079366
mollflanders,0.04232323232323232
mondo,0.16735792949334616
moneytalks,0.2141503267973856
moneytrain,0.21057503607503608
montypythonandtheholygrail,0.13370833333333335
montypythonslifeofbrian,0.1181798245614035
moonlightandvalentino,0.0638888888888889
mortalkombat,0.14708333333333332
mortalkombatannihilation,-0.028881397631397604
mother,0.042915731604854984
mothernight,0.21666666666666667
mousehunt,0.11377069304152639
mrhollandsopus,0.15752136752136753
mrjones,0.13145833333333332
mrmagoo,0.12413758800122436
mrsdalloway,0.21343303571428568
mrsdoubtfire,0.17631861772486773
mrsmithgoestowashington,0.21013013538748834
mrswinterbourne,0.26493506493506497
mrwonderful,0.17793876262626263
mrwrong,0.3180796485260771
muchadoaboutnothing,0.133134604978355
mulhollandfalls,0.2098731884057971
multiplicity,0.1278669590643275
muppettreasureisland,0.13671130952380953
murderat1600,0.23333027697611033
murderinthefirst,0.19025481334509112
murdermysweet,0.18264166666666665
murielswedding,0.27311187533227005
mutewitness,0.23799461451247164
mybestfriendswedding,0.20789885461760463
myfairlady,0.2718452380952381
myfamily,0.19439534231200897
myfavoriteseason,0.06717657342657343
myfavoriteyear,0.13894642857142855
myfellowamericans,0.174772521129664
myleftfoot,0.2244449806949807
mymangodfrey,0.34894444444444445
myownprivateidaho,0.11074276996151997
mysterysciencetheater3000themovie,0.3875
nadja,0.26372395833333334
nakedgun3313thefinalinsult,-0.08333333333333333
nakedinnewyork,0.5
nationallampoonsseniortrip,0.15669642857142857
naturalbornkillers,0.13967592592592593
nell,0.23913657407407407
nemesis2nebula,0.0
newjerseydrive,0.1799367503411621
newyorkcop,-0.17083333333333334
niagaraniagara,0.24252450980392157
nickoftime,0.07901620370370371
nightfallsonmanhattan,-0.004047619047619038
nightflier,0.15333333333333332
nightofthelivingdead,0.1351285839960652
nightonearth,0.17502651515151516
nightwatch,0.17040032679738565
nilbymouth,0.24509881634881633
ninatakesalover,0.0
ninemonths,0.1629092970521542
ninotchka,0.24091859716859715
nixon,0.08236702431555373
nobodysfool,0.236234243697479
noescape,0.04164617539617539
normallife,0.17144074675324678
north,0.046663059163059156
northbynorthwest,0.2702544351073763
nothingpersonal,0.08938670126170126
nothingtolose,0.1864585137085137
notorious,0.2005378028404344
nowandthen,0.15253499278499277
nowhere,0.15381478475228474
n√©netteetboni,0.0
officekiller,-0.02309027777777778
ofhumanbondage,0.14133980785296574
ofloveandshadows,-0.44999999999999996
oldyeller,0.25649305555555557
olivercompany,0.1
onceuponatimeinamerica,0.232999037999038
onceuponatimeinthewest,0.2903861059575345
onceuponatimewhenwewerecolored,0.2863888888888889
oncewerewarriors,0.10886844003949268
onefineday,0.10204173141673141
oneflewoverthecuckoosnest,0.22859403183621935
onenightstand,0.10750160875160876
ongoldenpond,0.19944666444666445
onlyyou,0.11833112874779543
openseason,0.18522505816623464
operationdumbodrop,0.16032087282087282
originalgangstas,0.18747547530442268
orlando,0.10663930976430976
othello,0.1769362934362934
outbreak,0.00155812324929972
outtosea,0.30526315789473685
palmetto,0.17756696428571428
palookaville,0.4442857142857143
panther,0.31796533456255677
paradiseroad,0.10645833333333335
parisfrance,0.27867213804713803
parisisburning,0.17854369146648558
paristexas,0.24175775613275613
partygirl,0.007383529169243457
passionfish,0.3698121907332434
patherpanchali,0.1846070036201615
pathsofglory,0.15869465329991644
patton,0.2358333333333333
pennyserenade,0.27904960317460314
persuasion,0.15762793637793637
petesdragon,0.1743786160929018
phantoms,0.10350751100751102
phatbeach,0.12500198412698413
phenomenon,0.19414174912389198
philadelphia,0.11731195887445887
picnic,0.22270493943191313
picturebride,0.18233333333333332
pictureperfect,0.18641275853775854
pieinthesky,0.08856725146198831
pinkfloydthewall,0.17538185425685426
pinocchio,0.22007643534916263
platoon,0.29596626984126984
playinggod,0.1416147186147186
pocahontas,0.10357830000687145
poeticjustice,0.1625505757858699
poisonivyii,0.0
pollyanna,0.1815788840788841
ponette,0.25593910256410257
powder,0.14229713097360155
power98,0.22929292929292933
prefontaine,0.1022838820536189
prettywoman,0.24956349206349204
priest,0.20321180555555554
primalfear,0.23834623015873016
primarycolors,0.1687185631828489
princesscaraboo,0.08333333333333333
privatebenjamin,0.26598426348426346
privateparts,0.05033939014202172
psycho,0.22881220034445843
pulpfiction,0.31344362745098037
pumpupthevolume,0.22851169590643272
purplenoon,0.27086940836940837
pushinghands,0.024097222222222218
quizshow,0.16191463020410388
racethesun,0.22121212121212122
radiolandmurders,0.06355339105339106
ragingbull,0.14731330309901738
raidersofthelostark,0.1486005033326462
raisetheredlantern,0.2579046717171717
raisingarizona,0.1751298701298701
ran,0.19419243202331438
ransom,0.1335945165945166
rawdeal,0.22435834590246354
realgenius,0.3220187917509346
realitybites,0.23790935672514618
rearwindow,0.3224885129490393
rebecca,0.1997417328042328
rebelwithoutacause,0.17950460033793367
reckless,0.10374398477339654
redcorner,0.19310305435305436
redrockwest,0.2101931476931477
renaissanceman,0.13959429824561403
rentakid,0.07124037999037999
reservoirdogs,0.09575945659278992
restoration,0.198715947352311
returnofthejedi,0.24989667427167428
richardiii,0.30550680916305917
richierich,0.13784722222222223
ridicule,0.09636520138358373
ripe,0.024309129656351885
risingsun,0.12599074074074074
robinhoodmenintights,0.1316881613756614
robinhoodprinceofthieves,0.08157894736842104
robocop3,0.06868108607079194
robroy,0.21463217610276433
rocketman,0.2633046157059315
romanholiday,0.2251553539053539
romeoisbleeding,0.21755934046112615
romperstomper,0.137142140947288
romyandmicheleshighschoolreunion,0.17887551990493167
roommates,0.14742881517881518
rosencrantzandguildensternaredead,0.26695743145743145
rosewood,0.06507852332852332
rubyinparadise,0.2872395833333333
rudy,0.0766374269005848
rumbleinthebronx,0.15313552188552187
sabrina,0.16631006006006005
safe,0.16676677489177488
safepassage,0.2333333333333333
santawithmuscles,0.014910547785547786
schindlerslist,0.15955968414301747
schizopolis,0.16071428571428573
scream,0.1255544414735591
scream2,0.11003444038600288
screamers,0.12575
searchingforbobbyfischer,0.37494944748234227
secretslies,0.5777777777777778
selena,0.14922827172827174
senseandsensibility,0.2617939814814815
senseless,0.07683981013842126
serialmom,0.09276497276497277
setitoff,0.11373842592592594
sevenyearsintibet,0.22459175084175087
sexliesandvideotape,0.2346185322613894
sfw,0.14956715325018896
sgtbilko,0.24647662137245469
shadowconspiracy,-0.087020202020202
shadowlands,0.2727046783625731
shallowgrave,0.16270931036556036
shallwedance,0.17133051604480176
shessolovely,0.4020370370370371
shestheone,0.11347497938569366
shiloh,0.2098069036226931
shine,0.14175891568748714
shootingfish,0.18590909090909094
shopping,0.12633333333333335
shortcuts,0.19311677631578947
showgirls,0.0667881517881518
singinintherain,0.20951388888888892
sirens,0.1710376984126984
sixdegreesofseparation,0.16711363636363638
sleeper,0.19374522249522252
sleepers,0.18008101851851852
sleeplessinseattle,0.20749035493827162
sleepover,0.12330702861952864
slidingdoors,0.15444444444444447
slingblade,0.3009786302878408
sliver,0.039287280701754385
smallfaces,0.14723320158102765
smillassenseofsnow,0.17027777777777778
smoke,0.0744156477051214
sneakers,0.1486222098722099
snowwhiteandthesevendwarfs,0.12210678210678211
sodeartomyheart,0.1006341189674523
soimarriedanaxemurderer,0.1881359649122807
solo,0.10898258735312306
somebodytolove,0.39372895622895626
somefolkscallitaslingblade,0.15
somekindofwonderful,0.3568396164021164
somelikeithot,0.22560000000000002
somemothersson,0.11000000000000001
somethingtotalkabout,0.20002061430632861
somewhereintime,0.3197450697450698
soninlaw,0.32375541125541124
sophieschoice,0.2176359126984127
soulfood,0.1635813492063492
spacejam,0.0770741341991342
spankingthemonkey,-0.03205882352941175
spawn,0.11426130351130351
species,0.07490846750715172
speechless,0.21493449197860962
speed,0.16846265687174777
speed2cruisecontrol,0.04992726807242938
spellbound,0.07110693400167084
sphere,0.07498230373230373
spiceworld,0.16456672850958565
sprung,0.16141959776334774
spyhard,0.2157093253968254
squeeze,0.08779640795712224
stag,0.10962433862433862
stalingrad,0.1147151951058201
stalker,-0.008965501792114696
standbyme,0.24493726379440664
stargate,0.21642505411255414
starkid,0.0980907029478458
starmaps,-0.07968750000000001
starshiptroopers,0.07417955060812204
startrekfirstcontact,0.28323678514467987
startrekgenerations,0.0006032986111111083
startrekiiithesearchforspock,0.057722222222222216
startrekivthevoyagehome,0.2323828125
startrekthemotionpicture,0.21176925505050503
startrekthewrathofkhan,0.21268707482993196
startrekvitheundiscoveredcountry,0.2441921296296296
startrekvthefinalfrontier,-0.006468883849836208
starwars,0.17860041743970317
stealingbeauty,0.22635017160017162
steel,0.1607757595257595
stonewall,0.08145997434061343
strangedays,0.21537966602111341
strangerinthehouse,0.12406322843822844
streetfighter,0.07981060606060605
strictlyballroom,0.23669137075387076
strikingdistance,0.11442027417027419
stripes,0.17666666666666667
striptease,-0.10232638888888888
stuartsaveshisfamily,0.293349358974359
suburbia,0.08715643274853802
suddendeath,-0.04047085680150197
sunsetblvd,0.11777830387205387
sunsetpark,0.22136601631393296
supercop,0.13893530897207368
supermariobros,0.1830372692441658
survivingpicasso,0.18964285714285717
survivingthegame,0.18889200181538893
suture,0.14296875000000003
sweetnothing,0.15416666666666665
sweptfromthesea,0.275
swimmingwithsharks,0.18997789115646257
swingers,0.06599999999999999
swissfamilyrobinson,0.14310621929390258
switchback,0.23104464285714288
switchbladesisters,0.14695373376623377
tainted,0.09391087516087517
talesfromthecryptpresentsbordelloofblood,0.0
talesfromthecryptpresentsdemonknight,0.08833333333333333
talesfromthehood,0.022446236559139784
talkingaboutsex,-0.11666666666666665
tankgirl,0.17372607655502392
target,0.04184194890077244
taxidriver,0.16461585391732453
tellingliesinamerica,0.24041666666666664
terminalvelocity,0.18193371943371944
terminator2judgmentday,0.0962047898338221
terrorinatexastown,-0.15
tetsuoiibodyhammer,-0.0625
thatdarncat,0.22424860853432282
thatoldfeeling,0.25362215909090907
thatthingyoudo,0.292953216374269
the39steps,0.20106926406926406
theabyss,0.09122823291996225
theaddiction,0.11750742721330956
theadventuresofpinocchio,-0.13708333333333333
theadventuresofpriscillaqueenofthedesert,0.27454710144927535
theadventuresofrobinhood,0.1450738536155203
theafricanqueen,0.15847763347763347
theageofinnocence,0.16908300264550263
theairupthere,0.2281980056980057
theamazingpandaadventure,-0.0875
theamericanpresident,0.18674000850340136
theamityvillecurse,0.046388888888888896
theamityvillehorror,0.11012183055040198
theapartment,0.30255646745230075
theapostle,0.2347682608396894
theappledumplinggang,0.1268048128342246
thearistocats,0.10702102038907595
thearrival,0.1121899496899497
theassignment,0.0789575856242523
theassociate,0.14597032097032098
thebabysitter,0.08900623885918003
thebabysittersclub,0.13409309257993468
thebandwagon,0.20607844763536728
thebasketballdiaries,0.22388053467000835
thebeauticianandthebeast,0.2553489439853076
thebelievers,0.06785753285753286
thebeverlyhillbillies,0.15142126148705096
thebigbangtheory,0.19293430335097
thebiggreen,0.2676845238095238
thebiglebowski,0.08563482570061516
thebigone,0.11308441558441559
thebigsleep,0.26155059523809526
thebigsqueeze,0.13333333333333333
thebirdcage,0.27479910714285716
thebirds,0.1621953205524634
theblob,0.15537499999999999
thebluesbrothers,0.20045046620046622
thebodysnatcher,0.13368820861678005
theboysofstvincent,0.3
thebradybunchmovie,0.09607026143790849
thebridgeontheriverkwai,0.22316338112305856
thebridgesofmadisoncounty,0.23253657607824277
thebrothersmcmullen,0.2554166666666667
thebrowningversion,0.14217687074829932
thebutcherboy,0.11978472222222222
thecableguy,0.14589646464646464
thecandidate,0.19632936507936508
thecelluloidcloset,0.20471374458874458
thecementgarden,0.14649572649572648
thechamber,0.11009711779448621
thecityoflostchildren,0.21278856107660457
theclient,0.13521167778980278
thecookthethiefhiswifeherlover,-0.12222222222222222
thecourtyard,0.05520833333333334
thecowboyway,0.24825396825396823
thecraft,0.16800858438613542
thecrossingguard,0.15821969696969695
thecrow,0.2053736146184063
thecrowcityofangels,0.05734938672438674
thecrucible,0.17820624195624196
thecryinggame,0.2656082887700535
thecure,0.21936491538764266
thedaytheearthstoodstill,0.2243304254667891
thedaytrippers,0.3008333333333334
thedeerhunter,0.20603054353054354
thedevilsadvocate,0.05226206873934145
thedevilsown,0.1104749503968254
thedoomgeneration,0.1460866385866386
thedoors,0.11698830409356727
theedge,0.2005020796197267
theeighthday,0.15
theempirestrikesback,0.26884077847439913
theenglishmanwhowentupahillbutcamedownamountain,0.22604166666666664
theenglishpatient,0.1991981792717087
theeveningstar,0.16252525252525252
thefan,0.22193342693342694
thefavor,0.12327380952380954
thefear,0.19068549881049882
thefifthelement,0.3285273368606702
thefirm,0.12439615752115751
thefirstwivesclub,0.20859375
theflintstones,0.1334716784441049
thefog,0.11827546296296296
thefoxandthehound,0.05522273682200153
thefrighteners,0.17661796536796537
thefugitive,0.17811633491780549
thefullmonty,0.18351921470342525
thefuneral,0.09653746253746254
thegame,0.13661495911495913
thegaydivorcee,0.2180888122294372
thegetaway,0.24598124098124097
theghostandmrsmuir,0.23895833333333333
theghostandthedarkness,0.16087033462033462
theglassshield,0.123501221001221
theglimmerman,0.09453125
thegodfather,0.1205137085137085
thegodfatherpartii,0.1737049543049543
thegoodthebadandtheugly,0.13092554513387847
thegraduate,0.3085097001763668
thegrassharp,0.2
thegreatdictator,0.19767025089605736
thegreatescape,0.2388241000741001
thegreatrace,0.25361321548821547
thegreatwhitehype,-0.01563095238095239
thegrifters,0.3278206349206349
thehorsewhisperer,0.22978641456582632
thehourofthepig,0.25
thehouseofthespirits,0.20287798621131953
thehouseofyes,0.010688732563732569
thehowling,-0.04425
thehudsuckerproxy,0.1990754895897753
thehunchbackofnotredame,0.21575198994553832
thehunted,0.15562392749892748
thehuntforredoctober,0.27357560568086886
theicestorm,0.252502468291942
theindianinthecupboard,0.14660087719298245
theinkwell,0.20216435185185183
theinnocent,0.18246720679012346
theinnocents,0.11352531102531102
theinspectorgeneral,0.17954166666666665
theislandofdrmoreau,-0.07601033834586465
thejackal,0.15703431372549018
thejerkyboys,0.046141975308641975
thejourneyofaugustking,0.584375
thejoyluckclub,0.10717891414141414
thejunglebook,0.038510101010101
thejuror,0.22557773109243698
thekillingfields,0.2520561974789916
thelastofthemohicans,0.15844298245614033
thelastsupper,0.1423900977190451
thelasttimeisawparis,-0.007867559523809528
thelawnmowerman,0.1710648148148148
theleadingman,0.31157407407407406
thelionking,0.2660894961519962
thelittleprincess,0.23234824588991257
thelittlerascals,0.014926175015460728
thelocusts,0.3875
thelongkissgoodnight,-0.04994444444444444
thelostworldjurassicpark,0.011420686846823206
thelovebug,0.1783625116713352
thelowlife,0.0
themachine,0.2787331080225817
themadnessofkinggeorge,0.2617821067821068
themagichour,0.31666666666666665
themagnificentseven,0.2657192725575078
themaltesefalcon,0.1830357142857143
themanchuriancandidate,0.07768245222790676
themanintheironmask,-0.010560897435897436
themanwhoknewtoolittle,0.2025566563066563
themanwhowouldbeking,0.29311663936663934
themanwithoutaface,0.1649290293040293
themarkofzorro,0.19535714285714284
themask,0.13846590909090908
thematchmaker,0.2063846153846154
themighty,0.1074017199017199
themirrorhastwofaces,0.2407623224728488
theneonbible,-0.16249999999999995
thenet,0.07685647685647685
theneverendingstoryiii,0.2750000000000001
thenewage,0.16210858585858587
thenewtonboys,0.13995726495726493
thenextkaratekid,0.03535458269329237
thenextstep,0.0976332278832279
thenightmarebeforechristmas,0.17999338624338623
thenuttyprofessor,0.2218548581048581
theobjectofmyaffection,0.2621527777777778
theodorerex,0.02556439393939395
theoldmanandthesea,0.13524305555555557
theomen,0.1439081939081939
theoutlaw,0.2042797619047619
thepagemaster,0.29634674668765576
thepallbearer,0.11242424242424244
thepaper,0.16284722222222223
theparenttrap,0.23807957393483709
thepeacemaker,0.12734239074417644
thepeoplevslarryflynt,0.29763795288795286
theperezfamily,0.1
thepest,0.15311907686907686
thephantom,0.15555567192663966
thephiladelphiastory,0.27532029478458053
thepiano,0.2821607905982906
thepillowbook,0.05713068181818182
theportraitofalady,0.02962962962962963
thepostman,0.1328713474025974
thepreacherswife,0.12837705058099794
theprincessbride,0.12639977639977637
theprofessional,0.3022967689460745
theprogram,0.06125243664717348
theprophecy,0.17912289915966387
theprophecyii,0.14791666666666664
thequest,0.15954042590406228
thequickandthedead,0.11025242504409172
thequietman,0.2892308704808705
thequietroom,0.19416666666666665
therainmaker,0.23066643323996264
theref,0.21127946127946126
therelic,0.1000922350922351
thereluctantdebutante,0.21083333333333332
theremainsoftheday,0.27481770833333335
thereplacementkillers,0.23508542768959437
thereturnofthepinkpanther,0.14487179487179486
therichmanswife,-0.06839285714285714
therightstuff,0.21252191224413447
theriverwild,0.12617623604465708
theroadtowellville,0.18246527777777777
therock,0.1500684867381296
therulingclass,0.06539772727272727
therunofthecountry,0.16666666666666666
thesaint,0.2202473452473452
thesaintoffortwashington,0.13333333333333333
thesantaclause,0.1794699975949976
thescarletletter,0.1037955948372615
thescout,0.1064059117965368
thesearchforoneeyejimmy,0.21666666666666667
thesecretadventuresoftomthumb,0.5833333333333334
thesecretagent,0.15494152046783627
thesecretgarden,0.10552256876120514
thesecretofroaninish,0.2
theshadow,0.18872748219522414
theshaggydog,0.12742469336219336
theshawshankredemption,0.23092262526745283
theshining,0.1298523000568455
theshooter,0.19238378684807259
theshow,0.11819785799624509
thesilenceofthelambs,0.13894557823129253
thesixthman,0.210570987654321
theslingshot,0.0
thesoundofmusic,0.23164607383357383
thespanishprisoner,0.04611979166666666
thespecialist,0.25501841329966335
thespitfiregrill,0.057870370370370385
thesting,0.22400536881419233
thestranger,0.09429455848810687
thestupids,0.18000465178096758
thesubstanceoffire,0.35833333333333334
thesubstitute,0.25342371592371593
thesumofus,0.33111842105263156
thesunchaser,0.008333333333333378
theswanprincess,0.030504291030606822
thesweethereafter,0.1837719298245614
theswordinthestone,0.20243729768729768
thetangolesson,0.49291666666666667
theterminator,0.193084743539289
thethinblueline,0.1733923350041771
thethinman,0.10364375901875902
thethirdman,0.2823451554232804
thethreecaballeros,0.08180411255411255
thethreemusketeers,0.15089570517202097
thetiethatbinds,-0.02592592592592587
thetransformersthemovie,0.07294155844155843
thetreasureofthesierramadre,0.3321064814814815
thetriggereffect,0.027500000000000004
thetrumanshow,0.19936998331529582
theturning,-0.12826247165532878
theunbearablelightnessofbeing,0.2271125730994152
theunderneath,0.1900666666666667
theusualsuspects,0.15166202844774274
thevan,0.14562419062419066
thewalkingdead,0.17519158533961166
thewar,0.22401267592057064
thewarathome,0.13238095238095238
thewarroom,0.2499702380952381
theweddinggift,0.35
theweddingsinger,0.2216331845238095
thewhiteballoon,0.45027701465201464
thewholewideworld,0.23333333333333334
thewife,0.11357828282828283
thewildbunch,0.14842482363315698
thewingsofthedove,0.1370899470899471
thewinterguest,0.37296296296296294
thewizardofoz,0.19459467120181406
thewomen,0.11544958513708514
thewrongtrousers,0.16986574074074073
theymademeacriminal,0.22372685185185184
theyoungpoisonershandbook,-0.008750000000000036
thingstodoindenverwhenyouredead,0.12052887901572112
thinner,0.07494426869426869
thirtytwoshortfilmsaboutglenngould,0.325
thisisspinaltap,0.16580681818181817
threecolorsblue,0.16874999999999998
threecolorsred,-0.027777777777777776
threecolorswhite,-0.09166666666666666
threelivesandonlyonedeath,0.0
threesome,-0.23333333333333336
threewishes,0.17193627450980392
tiemeuptiemedown,0.2943218954248366
tiltherewasyou,0.0935897435897436
timecop,0.056833024118738404
tincup,0.18802736006683374
tinmen,0.24411435786435787
titanic,0.22248227892964734
tmen,0.1441304713804714
tobeornottobe,0.3326122448979592
tocatchathief,0.2802215007215007
todiefor,0.04737554112554113
togillianonher37thbirthday,0.3125
tokillamockingbird,0.26165057915057915
tokyofist,0.10333333333333332
tomandhuck,0.17701851851851855
tombstone,0.20624050356472232
tommyboy,0.19111344537815125
tomorrowneverdies,0.16916040658687717
topgun,0.22775048875855328
tophat,0.30969516594516594
totaleclipse,0.08768695887445888
touch,0.24677669552669554
touchofevil,0.2425377680311891
toughanddeadly,0.20937499999999998
towongfoothanksforeverythingjulienewmar,0.17381646825396826
toystory,0.1650465319215319
trainspotting,0.10342063492063494
traveller,0.17075676717918095
treeslounge,0.25635515873015874
trialanderror,0.16383904675571342
trialbyjury,-0.3499999999999999
truecrime,0.0998723208980562
truelies,0.23428240740740738
trueromance,0.22467602806888523
trust,0.05452380952380953
truthorconsequencesnm,0.31666666666666665
turboapowerrangersmovie,0.24604166666666666
turbulence,0.026928135521885523
twelfthnight,0.29219141604010024
twelvemonkeys,0.2729466966966967
twilight,0.056831564492854814
twintown,0.16171228308728308
twisted,0.03483291562238932
twister,0.26295454545454544
twobits,0.34555555555555556
twofriends,0.21898550986050988
twoifbysea,0.28535714285714286
twomuch,0.2720893141945774
twoorthreethingsiknowabouther,0.3
uleesgold,0.4865393518518519
underground,0.12259726576105888
undersiege,0.11327843056414486
undersiege2darkterritory,-0.018916666666666665
underworld,0.16082135842552508
unforgettable,0.1989979514533086
unforgiven,0.24896363982538228
unhookthestars,0.2765625
unknown,0.03912337662337662
unzipped,0.16903347996089932
upcloseandpersonal,0.24852462352462354
upinsmoke,0.12009623888656147
usmarshalls,0.07183960045802151
uturn,0.13733333333333334
vampireinbrooklyn,0.14546765083874458
vanyaon42ndstreet,0.26590909090909093
vegasvacation,0.2764084467120182
venicevenice,0.0
vermin,0.005618522891250163
vertigo,0.2240826669472503
victorvictoria,0.3429122023809524
villageofthedamned,0.19758132145632143
virtuosity,0.12110645141895142
volcano,0.07931580414534961
wagthedog,0.0780143784786642
waitingforguffman,0.29062423787423786
waitingtoexhale,0.2006060606060606
walkabout,0.2328905853905854
walkingandtalking,0.22641666666666665
warriorsofvirtue,0.2084664244485673
washingtonsquare,0.1317016317016317
waterworld,0.06810861162646879
weekendatbernies,0.12265877890877891
welcometosarajevo,0.22916666666666666
welcometothedollhouse,0.146609477124183
wescravensnewnightmare,0.28615891053391057
whathappenedwas,-0.26857142857142857
whatseatinggilbertgrape,0.25725793650793655
whatslovegottodowithit,0.13590571886026434
whenamanlovesawoman,0.24983076563958917
whenharrymetsally,0.26288768476268476
whennightisfalling,0.3104166666666667
whenwewerekings,0.2568001610015499
whileyouweresleeping,0.133009768009768
whitemansburden,0.05005141463474797
whitesquall,0.12130962401795736
widowspeak,0.05397727272727272
wildamerica,0.2961584595959596
wildbill,0.23131112978152454
wildthings,0.13834821428571428
williamshakespearesromeoandjuliet,0.12500000000000003
willywonkaandthechocolatefactory,0.26158597883597884
wingsofdesire,0.29948308270676693
wishmaster,0.06401193401193402
withhonors,0.20091329966329968
withnailandi,0.20805575007780888
witness,0.1354371091871092
wolf,0.07089758071789322
wonderland,0.10325501289787005
wyattearp,0.07020370370370371
yankeezulu,0.5333333333333333
yearofthehorse,0.2602464920137334
youngfrankenstein,0.32171052631578945
youngguns,0.22404205747955747
younggunsii,0.24563323713323712
yousocrazy,0.1519949494949495
zeusandroxanne,0.1559486914600551
